<?xml version="1.0"?>
<!--<!DOCTYPE metadata SYSTEM "http://www.esri.com/metadata/esriprof80.dtd">-->
<metadata xml:lang="en"><Esri><CreaDate>20120411</CreaDate><CreaTime>19185300</CreaTime><SyncOnce>TRUE</SyncOnce><DataProperties><lineage><Process Name="Rename_7" ToolSource="C:\Program Files\ArcGIS\ArcToolbox\Toolboxes\Data Management Tools.tbx\Rename" Date="20070531" Time="175630">Rename "C:\SPA\Routes\Rail\Blue Line\mr_bl_1.shp" "C:\SPA\Routes\Rail\Blue Line\BlueLine.shp" ShapeFile</Process><Process ToolSource="c:\program files\arcgis\desktop10.0\ArcToolbox\Toolboxes\Data Management Tools.tbx\Rename" Date="20111103" Time="214346">Rename G:\SimonJesse\Routes\Rail\BlueLine\BlueTemp.shp G:\SimonJesse\Routes\Rail\BlueLine\BlueLine0911.shp ShapeFile</Process><Process ToolSource="c:\program files\arcgis\desktop10.0\ArcToolbox\Toolboxes\Data Management Tools.tbx\Rename" Date="20111116" Time="145829">Rename G:\SimonJesse\Routes\Rail\BlueLine\Sept11\BlueLine0911B.shp G:\SimonJesse\Routes\Rail\BlueLine\Sept11\BlueLine0911.shp ShapeFile</Process></lineage><itemProps><itemLocation><linkage Sync="TRUE">file://\\metroshare01\SPAstaff\SimonJesse\Routes\Rail\BlueLine\Mar12\BlueLine0312</linkage><protocol Sync="TRUE">Local Area Network</protocol></itemLocation></itemProps><copyHistory><copy source="G:\SimonJesse\Routes\Rail\BlueLine\Sept11\BlueLine0911" dest="\\metroshare01\SPAstaff\SimonJesse\Routes\Rail\BlueLine\Mar12\BlueLine0312" date="20120327" time="17004800"></copy></copyHistory></DataProperties><ArcGISFormat>1.0</ArcGISFormat></Esri></metadata>
