<?xml version="1.0"?>
<!--<!DOCTYPE metadata SYSTEM "http://www.esri.com/metadata/esriprof80.dtd">-->
<metadata xml:lang="en"><Esri><CreaDate>20120404</CreaDate><CreaTime>13281700</CreaTime><SyncOnce>TRUE</SyncOnce><DataProperties><lineage><Process ToolSource="C:\Program Files\ArcGIS\ArcToolbox\Toolboxes\Data Management Tools.tbx\Append" Date="20091221" Time="181726">Append Eastside_Ext goldline NO_TEST "FNODE_ 'FNODE_' true false false 11 Double 0 11 ,First,#;TNODE_ 'TNODE_' true false false 11 Double 0 11 ,First,#;LPOLY_ 'LPOLY_' true false false 11 Double 0 11 ,First,#;RPOLY_ 'RPOLY_' true false false 11 Double 0 11 ,First,#;LENGTH 'LENGTH' true false false 18 Double 5 17 ,First,#,C:\SPA\Routes\Rail\Gold Line\Eastside_Ext.shp,LENGTH,-1,-1;METROLINES 'METROLINES' true false false 11 Double 0 11 ,First,#;METROLIN_1 'METROLIN_1' true false false 11 Double 0 11 ,First,#;RAILLINE 'RAILLINE' true false false 6 Long 0 6 ,First,#;FROM_MILE 'FROM_MILE' true false false 6 Long 0 6 ,First,#;TO_MILE 'TO_MILE' true false false 6 Long 0 6 ,First,#;MULTIPLE 'MULTIPLE' true false false 1 Short 0 1 ,First,#;DLM 'DLM' true true false 8 Date 0 0 ,First,#;EDITOR 'EDITOR' true false false 3 Text 0 0 ,First,#;GEOCODE 'GEOCODE' true false false 3 Short 0 3 ,First,#;RAILNAME 'RAILNAME' true false false 30 Text 0 0 ,First,#;RAIL_SEG 'RAIL_SEG' true false false 6 Long 0 6 ,First,#" # goldline</Process><Process ToolSource="C:\Program Files\ArcGIS\ArcToolbox\Toolboxes\Data Management Tools.tbx\Append" Date="20091221" Time="185342">Append EDITEAST goldline NO_TEST "FNODE_ 'FNODE_' true false false 11 Double 0 11 ,First,#;TNODE_ 'TNODE_' true false false 11 Double 0 11 ,First,#;LENGTH 'LENGTH' true false false 18 Double 5 17 ,First,#,G:\SimonJesse\Routes\Rail\Gold Line\EDITEAST.shp,LENGTH,-1,-1" # goldline</Process><Process ToolSource="C:\Program Files\ArcGIS\ArcToolbox\Toolboxes\Data Management Tools.tbx\DefineProjection" Date="20100109" Time="135123">DefineProjection goldline PROJCS['NAD_1983_StatePlane_California_V_FIPS_0405_Feet',GEOGCS['GCS_North_American_1983',DATUM['D_North_American_1983',SPHEROID['GRS_1980',6378137.0,298.257222101]],PRIMEM['Greenwich',0.0],UNIT['Degree',0.0174532925199433]],PROJECTION['Lambert_Conformal_Conic'],PARAMETER['False_Easting',6561666.666666666],PARAMETER['False_Northing',1640416.666666667],PARAMETER['Central_Meridian',-118.0],PARAMETER['Standard_Parallel_1',34.03333333333333],PARAMETER['Standard_Parallel_2',35.46666666666667],PARAMETER['Latitude_Of_Origin',33.5],UNIT['Foot_US',0.3048006096012192]] goldline</Process><Process ToolSource="c:\program files\arcgis\desktop10.0\ArcToolbox\Toolboxes\Data Management Tools.tbx\Rename" Date="20111116" Time="142205">Rename G:\SimonJesse\Routes\Rail\GoldLine\Sept11\GoldLine0911b.shp G:\SimonJesse\Routes\Rail\GoldLine\Sept11\GoldLine0911.shp ShapeFile</Process></lineage></DataProperties><ArcGISFormat>1.0</ArcGISFormat></Esri></metadata>
