<?xml version="1.0"?>
<!--<!DOCTYPE metadata SYSTEM "http://www.esri.com/metadata/esriprof80.dtd">-->
<metadata xml:lang="en"><Esri><CreaDate>20140506</CreaDate><CreaTime>17065200</CreaTime><SyncOnce>TRUE</SyncOnce><DataProperties><lineage><Process Name="Copy_4" ToolSource="C:\Program Files\ArcGIS\ArcToolbox\Toolboxes\Data Management Tools.tbx\Copy" Date="20070531" Time="165749">Copy "C:\SPA\Routes\Rail\Red Line\mr_rl_3.shp" "C:\SPA\Routes\Rail\Red Line\HeavyRail.shp" ShapeFile</Process></lineage></DataProperties><ArcGISFormat>1.0</ArcGISFormat></Esri><idinfo><citation><citeinfo><onlink Sync="TRUE"></onlink></citeinfo></citation></idinfo><distInfo><distributor><distorTran><onLineSrc><linkage Sync="TRUE">file://</linkage><protocol Sync="TRUE">Local Area Network</protocol></onLineSrc></distorTran></distributor></distInfo><dataqual><lineage><procstep><procdesc Sync="TRUE">Dataset copied.</procdesc><srcused Sync="TRUE">C:\SPA\Routes\Rail\Red Line\mr_rl_3</srcused><date Sync="TRUE">20070531</date><time Sync="TRUE">16574600</time></procstep><procstep><procdesc Sync="TRUE">Dataset copied.</procdesc><srcused Sync="TRUE">c:\spa\routes\rail\red line\g1p2_3t4e5m6p7d8i9r0\HeavyRail</srcused><date Sync="TRUE">20070531</date><time Sync="TRUE">16574600</time></procstep><procstep><procdesc Sync="TRUE">Dataset copied.</procdesc><srcused Sync="TRUE"></srcused><date Sync="TRUE">20070531</date><time Sync="TRUE">18253200</time></procstep></lineage></dataqual></metadata>
